{
  "1": {
    "name": "Luke Skywalker",
    "height": "172",
    "mass": "77",
    "hair_color": "blond",
    "skin_color": "fair",
    "eye_color": "blue",
    "birth_year": "19BBY",
    "gender": "male",
    "homeworld": "/planets/1/",
    "films": [
      "/films/2/",
      "/films/6/",
      "/films/3/",
      "/films/1/",
      "/films/7/"
    ],
    "url": "/people/1/"
  },
  "2": {
    "name": "C-3PO",
    "height": "167",
    "mass": "75",
    "hair_color": "n/a",
    "skin_color": "gold",
    "eye_color": "yellow",
    "birth_year": "112BBY",
    "gender": "n/a",
    "homeworld": "/planets/1/",
    "films": [
      "/films/2/",
      "/films/5/",
      "/films/4/",
      "/films/6/",
      "/films/3/",
      "/films/1/"
    ],
    "url": "/people/2/"
  },
  "3": {
    "name": "R2-D2",
    "height": "96",
    "mass": "32",
    "hair_color": "n/a",
    "skin_color": "white, blue",
    "eye_color": "red",
    "birth_year": "33BBY",
    "gender": "n/a",
    "homeworld": "/planets/8/",
    "films": [
      "/films/2/",
      "/films/5/",
      "/films/4/",
      "/films/6/",
      "/films/3/",
      "/films/1/",
      "/films/7/"
    ],
    "url": "/people/3/"
  },
  "4": {
    "name": "Darth Vader",
    "height": "202",
    "mass": "136",
    "hair_color": "none",
    "skin_color": "white",
    "eye_color": "yellow",
    "birth_year": "41.9BBY",
    "gender": "male",
    "homeworld": "/planets/1/",
    "films": [
      "/films/2/",
      "/films/6/",
      "/films/3/",
      "/films/1/"
    ],
    "url": "/people/4/"
  },
  "5": {
    "name": "Leia Organa",
    "height": "150",
    "mass": "49",
    "hair_color": "brown",
    "skin_color": "light",
    "eye_color": "brown",
    "birth_year": "19BBY",
    "gender": "female",
    "homeworld": "/planets/2/",
    "films": [
      "/films/2/",
      "/films/6/",
      "/films/3/",
      "/films/1/",
      "/films/7/"
    ],
    "url": "/people/5/"
  },
  "6": {
    "name": "Owen Lars",
    "height": "178",
    "mass": "120",
    "hair_color": "brown, grey",
    "skin_color": "light",
    "eye_color": "blue",
    "birth_year": "52BBY",
    "gender": "male",
    "homeworld": "/planets/1/",
    "films": [
      "/films/5/",
      "/films/6/",
      "/films/1/"
    ],
    "url": "/people/6/"
  },
  "7": {
    "name": "Beru Whitesun Lars",
    "height": "165",
    "mass": "75",
    "hair_color": "brown",
    "skin_color": "light",
    "eye_color": "blue",
    "birth_year": "47BBY",
    "gender": "female",
    "homeworld": "/planets/1/",
    "films": [
      "/films/5/",
      "/films/6/",
      "/films/1/"
    ],
    "url": "/people/7/"
  },
  "8": {
    "name": "R5-D4",
    "height": "97",
    "mass": "32",
    "hair_color": "n/a",
    "skin_color": "white, red",
    "eye_color": "red",
    "birth_year": "unknown",
    "gender": "n/a",
    "homeworld": "/planets/1/",
    "films": [
      "/films/1/"
    ],
    "url": "/people/8/"
  },
  "9": {
    "name": "Biggs Darklighter",
    "height": "183",
    "mass": "84",
    "hair_color": "black",
    "skin_color": "light",
    "eye_color": "brown",
    "birth_year": "24BBY",
    "gender": "male",
    "homeworld": "/planets/1/",
    "films": [
      "/films/1/"
    ],
    "url": "/people/9/"
  },
  "10": {
    "name": "Obi-Wan Kenobi",
    "height": "182",
    "mass": "77",
    "hair_color": "auburn, white",
    "skin_color": "fair",
    "eye_color": "blue-gray",
    "birth_year": "57BBY",
    "gender": "male",
    "homeworld": "/planets/20/",
    "films": [
      "/films/2/",
      "/films/5/",
      "/films/4/",
      "/films/6/",
      "/films/3/",
      "/films/1/"
    ],
    "url": "/people/10/"
  },
  "11": {
    "name": "Anakin Skywalker",
    "height": "188",
    "mass": "84",
    "hair_color": "blond",
    "skin_color": "fair",
    "eye_color": "blue",
    "birth_year": "41.9BBY",
    "gender": "male",
    "homeworld": "/planets/1/",
    "films": [
      "/films/5/",
      "/films/4/",
      "/films/6/"
    ],
    "url": "/people/11/"
  },
  "12": {
    "name": "Wilhuff Tarkin",
    "height": "180",
    "mass": "unknown",
    "hair_color": "auburn, grey",
    "skin_color": "fair",
    "eye_color": "blue",
    "birth_year": "64BBY",
    "gender": "male",
    "homeworld": "/planets/21/",
    "films": [
      "/films/6/",
      "/films/1/"
    ],
    "url": "/people/12/"
  },
  "13": {
    "name": "Chewbacca",
    "height": "228",
    "mass": "112",
    "hair_color": "brown",
    "skin_color": "unknown",
    "eye_color": "blue",
    "birth_year": "200BBY",
    "gender": "male",
    "homeworld": "/planets/14/",
    "films": [
      "/films/2/",
      "/films/6/",
      "/films/3/",
      "/films/1/",
      "/films/7/"
    ],
    "url": "/people/13/"
  },
  "14": {
    "name": "Han Solo",
    "height": "180",
    "mass": "80",
    "hair_color": "brown",
    "skin_color": "fair",
    "eye_color": "brown",
    "birth_year": "29BBY",
    "gender": "male",
    "homeworld": "/planets/22/",
    "films": [
      "/films/2/",
      "/films/3/",
      "/films/1/",
      "/films/7/"
    ],
    "url": "/people/14/"
  },
  "15": {
    "name": "Greedo",
    "height": "173",
    "mass": "74",
    "hair_color": "n/a",
    "skin_color": "green",
    "eye_color": "black",
    "birth_year": "44BBY",
    "gender": "male",
    "homeworld": "/planets/23/",
    "films": [
      "/films/1/"
    ],
    "url": "/people/15/"
  },
  "16": {
    "name": "Jabba Desilijic Tiure",
    "height": "175",
    "mass": "1,358",
    "hair_color": "n/a",
    "skin_color": "green-tan, brown",
    "eye_color": "orange",
    "birth_year": "600BBY",
    "gender": "hermaphrodite",
    "homeworld": "/planets/24/",
    "films": [
      "/films/4/",
      "/films/3/",
      "/films/1/"
    ],
    "url": "/people/16/"
  },
  "18": {
    "name": "Wedge Antilles",
    "height": "170",
    "mass": "77",
    "hair_color": "brown",
    "skin_color": "fair",
    "eye_color": "hazel",
    "birth_year": "21BBY",
    "gender": "male",
    "homeworld": "/planets/22/",
    "films": [
      "/films/2/",
      "/films/3/",
      "/films/1/"
    ],
    "url": "/people/18/"
  },
  "19": {
    "name": "Jek Tono Porkins",
    "height": "180",
    "mass": "110",
    "hair_color": "brown",
    "skin_color": "fair",
    "eye_color": "blue",
    "birth_year": "unknown",
    "gender": "male",
    "homeworld": "/planets/26/",
    "films": [
      "/films/1/"
    ],
    "url": "/people/19/"
  },
  "20": {
    "name": "Yoda",
    "height": "66",
    "mass": "17",
    "hair_color": "white",
    "skin_color": "green",
    "eye_color": "brown",
    "birth_year": "896BBY",
    "gender": "male",
    "homeworld": "/planets/28/",
    "films": [
      "/films/2/",
      "/films/5/",
      "/films/4/",
      "/films/6/",
      "/films/3/"
    ],
    "url": "/people/20/"
  },
  "21": {
    "name": "Palpatine",
    "height": "170",
    "mass": "75",
    "hair_color": "grey",
    "skin_color": "pale",
    "eye_color": "yellow",
    "birth_year": "82BBY",
    "gender": "male",
    "homeworld": "/planets/8/",
    "films": [
      "/films/2/",
      "/films/5/",
      "/films/4/",
      "/films/6/",
      "/films/3/"
    ],
    "url": "/people/21/"
  },
  "22": {
    "name": "Boba Fett",
    "height": "183",
    "mass": "78.2",
    "hair_color": "black",
    "skin_color": "fair",
    "eye_color": "brown",
    "birth_year": "31.5BBY",
    "gender": "male",
    "homeworld": "/planets/10/",
    "films": [
      "/films/2/",
      "/films/5/",
      "/films/3/"
    ],
    "url": "/people/22/"
  },
  "23": {
    "name": "IG-88",
    "height": "200",
    "mass": "140",
    "hair_color": "none",
    "skin_color": "metal",
    "eye_color": "red",
    "birth_year": "15BBY",
    "gender": "none",
    "homeworld": "/planets/28/",
    "films": [
      "/films/2/"
    ],
    "url": "/people/23/"
  },
  "24": {
    "name": "Bossk",
    "height": "190",
    "mass": "113",
    "hair_color": "none",
    "skin_color": "green",
    "eye_color": "red",
    "birth_year": "53BBY",
    "gender": "male",
    "homeworld": "/planets/29/",
    "films": [
      "/films/2/"
    ],
    "url": "/people/24/"
  },
  "25": {
    "name": "Lando Calrissian",
    "height": "177",
    "mass": "79",
    "hair_color": "black",
    "skin_color": "dark",
    "eye_color": "brown",
    "birth_year": "31BBY",
    "gender": "male",
    "homeworld": "/planets/30/",
    "films": [
      "/films/2/",
      "/films/3/"
    ],
    "url": "/people/25/"
  },
  "26": {
    "name": "Lobot",
    "height": "175",
    "mass": "79",
    "hair_color": "none",
    "skin_color": "light",
    "eye_color": "blue",
    "birth_year": "37BBY",
    "gender": "male",
    "homeworld": "/planets/6/",
    "films": [
      "/films/2/"
    ],
    "url": "/people/26/"
  },
  "27": {
    "name": "Ackbar",
    "height": "180",
    "mass": "83",
    "hair_color": "none",
    "skin_color": "brown mottle",
    "eye_color": "orange",
    "birth_year": "41BBY",
    "gender": "male",
    "homeworld": "/planets/31/",
    "films": [
      "/films/3/",
      "/films/7/"
    ],
    "url": "/people/27/"
  },
  "28": {
    "name": "Mon Mothma",
    "height": "150",
    "mass": "unknown",
    "hair_color": "auburn",
    "skin_color": "fair",
    "eye_color": "blue",
    "birth_year": "48BBY",
    "gender": "female",
    "homeworld": "/planets/32/",
    "films": [
      "/films/3/"
    ],
    "url": "/people/28/"
  },
  "29": {
    "name": "Arvel Crynyd",
    "height": "unknown",
    "mass": "unknown",
    "hair_color": "brown",
    "skin_color": "fair",
    "eye_color": "brown",
    "birth_year": "unknown",
    "gender": "male",
    "homeworld": "/planets/28/",
    "films": [
      "/films/3/"
    ],
    "url": "/people/29/"
  },
  "30": {
    "name": "Wicket Systri Warrick",
    "height": "88",
    "mass": "20",
    "hair_color": "brown",
    "skin_color": "brown",
    "eye_color": "brown",
    "birth_year": "8BBY",
    "gender": "male",
    "homeworld": "/planets/7/",
    "films": [
      "/films/3/"
    ],
    "url": "/people/30/"
  },
  "31": {
    "name": "Nien Nunb",
    "height": "160",
    "mass": "68",
    "hair_color": "none",
    "skin_color": "grey",
    "eye_color": "black",
    "birth_year": "unknown",
    "gender": "male",
    "homeworld": "/planets/33/",
    "films": [
      "/films/3/"
    ],
    "url": "/people/31/"
  },
  "32": {
    "name": "Qui-Gon Jinn",
    "height": "193",
    "mass": "89",
    "hair_color": "brown",
    "skin_color": "fair",
    "eye_color": "blue",
    "birth_year": "92BBY",
    "gender": "male",
    "homeworld": "/planets/28/",
    "films": [
      "/films/4/"
    ],
    "url": "/people/32/"
  },
  "33": {
    "name": "Nute Gunray",
    "height": "191",
    "mass": "90",
    "hair_color": "none",
    "skin_color": "mottled green",
    "eye_color": "red",
    "birth_year": "unknown",
    "gender": "male",
    "homeworld": "/planets/18/",
    "films": [
      "/films/5/",
      "/films/4/",
      "/films/6/"
    ],
    "url": "/people/33/"
  },
  "34": {
    "name": "Finis Valorum",
    "height": "170",
    "mass": "unknown",
    "hair_color": "blond",
    "skin_color": "fair",
    "eye_color": "blue",
    "birth_year": "91BBY",
    "gender": "male",
    "homeworld": "/planets/9/",
    "films": [
      "/films/4/"
    ],
    "url": "/people/34/"
  },
  "35": {
    "name": "Padmé Amidala",
    "height": "165",
    "mass": "45",
    "hair_color": "brown",
    "skin_color": "light",
    "eye_color": "brown",
    "birth_year": "46BBY",
    "gender": "female",
    "homeworld": "/planets/8/",
    "films": [
      "/films/5/",
      "/films/4/",
      "/films/6/"
    ],
    "url": "/people/35/"
  },
  "36": {
    "name": "Jar Jar Binks",
    "height": "196",
    "mass": "66",
    "hair_color": "none",
    "skin_color": "orange",
    "eye_color": "orange",
    "birth_year": "52BBY",
    "gender": "male",
    "homeworld": "/planets/8/",
    "films": [
      "/films/5/",
      "/films/4/"
    ],
    "url": "/people/36/"
  },
  "37": {
    "name": "Roos Tarpals",
    "height": "224",
    "mass": "82",
    "hair_color": "none",
    "skin_color": "grey",
    "eye_color": "orange",
    "birth_year": "unknown",
    "gender": "male",
    "homeworld": "/planets/8/",
    "films": [
      "/films/4/"
    ],
    "url": "/people/37/"
  },
  "38": {
    "name": "Rugor Nass",
    "height": "206",
    "mass": "unknown",
    "hair_color": "none",
    "skin_color": "green",
    "eye_color": "orange",
    "birth_year": "unknown",
    "gender": "male",
    "homeworld": "/planets/8/",
    "films": [
      "/films/4/"
    ],
    "url": "/people/38/"
  },
  "39": {
    "name": "Ric Olié",
    "height": "183",
    "mass": "unknown",
    "hair_color": "brown",
    "skin_color": "fair",
    "eye_color": "blue",
    "birth_year": "unknown",
    "gender": "male",
    "homeworld": "/planets/8/",
    "films": [
      "/films/4/"
    ],
    "url": "/people/39/"
  },
  "40": {
    "name": "Watto",
    "height": "137",
    "mass": "unknown",
    "hair_color": "black",
    "skin_color": "blue, grey",
    "eye_color": "yellow",
    "birth_year": "unknown",
    "gender": "male",
    "homeworld": "/planets/34/",
    "films": [
      "/films/5/",
      "/films/4/"
    ],
    "url": "/people/40/"
  },
  "41": {
    "name": "Sebulba",
    "height": "112",
    "mass": "40",
    "hair_color": "none",
    "skin_color": "grey, red",
    "eye_color": "orange",
    "birth_year": "unknown",
    "gender": "male",
    "homeworld": "/planets/35/",
    "films": [
      "/films/4/"
    ],
    "url": "/people/41/"
  },
  "42": {
    "name": "Quarsh Panaka",
    "height": "183",
    "mass": "unknown",
    "hair_color": "black",
    "skin_color": "dark",
    "eye_color": "brown",
    "birth_year": "62BBY",
    "gender": "male",
    "homeworld": "/planets/8/",
    "films": [
      "/films/4/"
    ],
    "url": "/people/42/"
  },
  "43": {
    "name": "Shmi Skywalker",
    "height": "163",
    "mass": "unknown",
    "hair_color": "black",
    "skin_color": "fair",
    "eye_color": "brown",
    "birth_year": "72BBY",
    "gender": "female",
    "homeworld": "/planets/1/",
    "films": [
      "/films/5/",
      "/films/4/"
    ],
    "url": "/people/43/"
  },
  "44": {
    "name": "Darth Maul",
    "height": "175",
    "mass": "80",
    "hair_color": "none",
    "skin_color": "red",
    "eye_color": "yellow",
    "birth_year": "54BBY",
    "gender": "male",
    "homeworld": "/planets/36/",
    "films": [
      "/films/4/"
    ],
    "url": "/people/44/"
  },
  "45": {
    "name": "Bib Fortuna",
    "height": "180",
    "mass": "unknown",
    "hair_color": "none",
    "skin_color": "pale",
    "eye_color": "pink",
    "birth_year": "unknown",
    "gender": "male",
    "homeworld": "/planets/37/",
    "films": [
      "/films/3/"
    ],
    "url": "/people/45/"
  },
  "46": {
    "name": "Ayla Secura",
    "height": "178",
    "mass": "55",
    "hair_color": "none",
    "skin_color": "blue",
    "eye_color": "hazel",
    "birth_year": "48BBY",
    "gender": "female",
    "homeworld": "/planets/37/",
    "films": [
      "/films/5/",
      "/films/4/",
      "/films/6/"
    ],
    "url": "/people/46/"
  },
  "47": {
    "name": "Ratts Tyerell",
    "height": "79",
    "mass": "15",
    "hair_color": "none",
    "skin_color": "grey, blue",
    "eye_color": "unknown",
    "birth_year": "unknown",
    "gender": "male",
    "homeworld": "/planets/38/",
    "films": [
      "/films/4/"
    ],
    "url": "/people/47/"
  },
  "48": {
    "name": "Dud Bolt",
    "height": "94",
    "mass": "45",
    "hair_color": "none",
    "skin_color": "blue, grey",
    "eye_color": "yellow",
    "birth_year": "unknown",
    "gender": "male",
    "homeworld": "/planets/39/",
    "films": [
      "/films/4/"
    ],
    "url": "/people/48/"
  },
  "49": {
    "name": "Gasgano",
    "height": "122",
    "mass": "unknown",
    "hair_color": "none",
    "skin_color": "white, blue",
    "eye_color": "black",
    "birth_year": "unknown",
    "gender": "male",
    "homeworld": "/planets/40/",
    "films": [
      "/films/4/"
    ],
    "url": "/people/49/"
  },
  "50": {
    "name": "Ben Quadinaros",
    "height": "163",
    "mass": "65",
    "hair_color": "none",
    "skin_color": "grey, green, yellow",
    "eye_color": "orange",
    "birth_year": "unknown",
    "gender": "male",
    "homeworld": "/planets/41/",
    "films": [
      "/films/4/"
    ],
    "url": "/people/50/"
  },
  "51": {
    "name": "Mace Windu",
    "height": "188",
    "mass": "84",
    "hair_color": "none",
    "skin_color": "dark",
    "eye_color": "brown",
    "birth_year": "72BBY",
    "gender": "male",
    "homeworld": "/planets/42/",
    "films": [
      "/films/5/",
      "/films/4/",
      "/films/6/"
    ],
    "url": "/people/51/"
  },
  "52": {
    "name": "Ki-Adi-Mundi",
    "height": "198",
    "mass": "82",
    "hair_color": "white",
    "skin_color": "pale",
    "eye_color": "yellow",
    "birth_year": "92BBY",
    "gender": "male",
    "homeworld": "/planets/43/",
    "films": [
      "/films/5/",
      "/films/4/",
      "/films/6/"
    ],
    "url": "/people/52/"
  },
  "53": {
    "name": "Kit Fisto",
    "height": "196",
    "mass": "87",
    "hair_color": "none",
    "skin_color": "green",
    "eye_color": "black",
    "birth_year": "unknown",
    "gender": "male",
    "homeworld": "/planets/44/",
    "films": [
      "/films/5/",
      "/films/4/",
      "/films/6/"
    ],
    "url": "/people/53/"
  },
  "54": {
    "name": "Eeth Koth",
    "height": "171",
    "mass": "unknown",
    "hair_color": "black",
    "skin_color": "brown",
    "eye_color": "brown",
    "birth_year": "unknown",
    "gender": "male",
    "homeworld": "/planets/45/",
    "films": [
      "/films/4/",
      "/films/6/"
    ],
    "url": "/people/54/"
  },
  "55": {
    "name": "Adi Gallia",
    "height": "184",
    "mass": "50",
    "hair_color": "none",
    "skin_color": "dark",
    "eye_color": "blue",
    "birth_year": "unknown",
    "gender": "female",
    "homeworld": "/planets/9/",
    "films": [
      "/films/4/",
      "/films/6/"
    ],
    "url": "/people/55/"
  },
  "56": {
    "name": "Saesee Tiin",
    "height": "188",
    "mass": "unknown",
    "hair_color": "none",
    "skin_color": "pale",
    "eye_color": "orange",
    "birth_year": "unknown",
    "gender": "male",
    "homeworld": "/planets/47/",
    "films": [
      "/films/4/",
      "/films/6/"
    ],
    "url": "/people/56/"
  },
  "57": {
    "name": "Yarael Poof",
    "height": "264",
    "mass": "unknown",
    "hair_color": "none",
    "skin_color": "white",
    "eye_color": "yellow",
    "birth_year": "unknown",
    "gender": "male",
    "homeworld": "/planets/48/",
    "films": [
      "/films/4/"
    ],
    "url": "/people/57/"
  },
  "58": {
    "name": "Plo Koon",
    "height": "188",
    "mass": "80",
    "hair_color": "none",
    "skin_color": "orange",
    "eye_color": "black",
    "birth_year": "22BBY",
    "gender": "male",
    "homeworld": "/planets/49/",
    "films": [
      "/films/5/",
      "/films/4/",
      "/films/6/"
    ],
    "url": "/people/58/"
  },
  "59": {
    "name": "Mas Amedda",
    "height": "196",
    "mass": "unknown",
    "hair_color": "none",
    "skin_color": "blue",
    "eye_color": "blue",
    "birth_year": "unknown",
    "gender": "male",
    "homeworld": "/planets/50/",
    "films": [
      "/films/5/",
      "/films/4/"
    ],
    "url": "/people/59/"
  },
  "60": {
    "name": "Gregar Typho",
    "height": "185",
    "mass": "85",
    "hair_color": "black",
    "skin_color": "dark",
    "eye_color": "brown",
    "birth_year": "unknown",
    "gender": "male",
    "homeworld": "/planets/8/",
    "films": [
      "/films/5/"
    ],
    "url": "/people/60/"
  },
  "61": {
    "name": "Cordé",
    "height": "157",
    "mass": "unknown",
    "hair_color": "brown",
    "skin_color": "light",
    "eye_color": "brown",
    "birth_year": "unknown",
    "gender": "female",
    "homeworld": "/planets/8/",
    "films": [
      "/films/5/"
    ],
    "url": "/people/61/"
  },
  "62": {
    "name": "Cliegg Lars",
    "height": "183",
    "mass": "unknown",
    "hair_color": "brown",
    "skin_color": "fair",
    "eye_color": "blue",
    "birth_year": "82BBY",
    "gender": "male",
    "homeworld": "/planets/1/",
    "films": [
      "/films/5/"
    ],
    "url": "/people/62/"
  },
  "63": {
    "name": "Poggle the Lesser",
    "height": "183",
    "mass": "80",
    "hair_color": "none",
    "skin_color": "green",
    "eye_color": "yellow",
    "birth_year": "unknown",
    "gender": "male",
    "homeworld": "/planets/11/",
    "films": [
      "/films/5/",
      "/films/6/"
    ],
    "url": "/people/63/"
  },
  "64": {
    "name": "Luminara Unduli",
    "height": "170",
    "mass": "56.2",
    "hair_color": "black",
    "skin_color": "yellow",
    "eye_color": "blue",
    "birth_year": "58BBY",
    "gender": "female",
    "homeworld": "/planets/51/",
    "films": [
      "/films/5/",
      "/films/6/"
    ],
    "url": "/people/64/"
  },
  "65": {
    "name": "Barriss Offee",
    "height": "166",
    "mass": "50",
    "hair_color": "black",
    "skin_color": "yellow",
    "eye_color": "blue",
    "birth_year": "40BBY",
    "gender": "female",
    "homeworld": "/planets/51/",
    "films": [
      "/films/5/"
    ],
    "url": "/people/65/"
  },
  "66": {
    "name": "Dormé",
    "height": "165",
    "mass": "unknown",
    "hair_color": "brown",
    "skin_color": "light",
    "eye_color": "brown",
    "birth_year": "unknown",
    "gender": "female",
    "homeworld": "/planets/8/",
    "films": [
      "/films/5/"
    ],
    "url": "/people/66/"
  },
  "67": {
    "name": "Dooku",
    "height": "193",
    "mass": "80",
    "hair_color": "white",
    "skin_color": "fair",
    "eye_color": "brown",
    "birth_year": "102BBY",
    "gender": "male",
    "homeworld": "/planets/52/",
    "films": [
      "/films/5/",
      "/films/6/"
    ],
    "url": "/people/67/"
  },
  "68": {
    "name": "Bail Prestor Organa",
    "height": "191",
    "mass": "unknown",
    "hair_color": "black",
    "skin_color": "tan",
    "eye_color": "brown",
    "birth_year": "67BBY",
    "gender": "male",
    "homeworld": "/planets/2/",
    "films": [
      "/films/5/",
      "/films/6/"
    ],
    "url": "/people/68/"
  },
  "69": {
    "name": "Jango Fett",
    "height": "183",
    "mass": "79",
    "hair_color": "black",
    "skin_color": "tan",
    "eye_color": "brown",
    "birth_year": "66BBY",
    "gender": "male",
    "homeworld": "/planets/53/",
    "films": [
      "/films/5/"
    ],
    "url": "/people/69/"
  },
  "70": {
    "name": "Zam Wesell",
    "height": "168",
    "mass": "55",
    "hair_color": "blonde",
    "skin_color": "fair, green, yellow",
    "eye_color": "yellow",
    "birth_year": "unknown",
    "gender": "female",
    "homeworld": "/planets/54/",
    "films": [
      "/films/5/"
    ],
    "url": "/people/70/"
  },
  "71": {
    "name": "Dexter Jettster",
    "height": "198",
    "mass": "102",
    "hair_color": "none",
    "skin_color": "brown",
    "eye_color": "yellow",
    "birth_year": "unknown",
    "gender": "male",
    "homeworld": "/planets/55/",
    "films": [
      "/films/5/"
    ],
    "url": "/people/71/"
  },
  "72": {
    "name": "Lama Su",
    "height": "229",
    "mass": "88",
    "hair_color": "none",
    "skin_color": "grey",
    "eye_color": "black",
    "birth_year": "unknown",
    "gender": "male",
    "homeworld": "/planets/10/",
    "films": [
      "/films/5/"
    ],
    "url": "/people/72/"
  },
  "73": {
    "name": "Taun We",
    "height": "213",
    "mass": "unknown",
    "hair_color": "none",
    "skin_color": "grey",
    "eye_color": "black",
    "birth_year": "unknown",
    "gender": "female",
    "homeworld": "/planets/10/",
    "films": [
      "/films/5/"
    ],
    "url": "/people/73/"
  },
  "74": {
    "name": "Jocasta Nu",
    "height": "167",
    "mass": "unknown",
    "hair_color": "white",
    "skin_color": "fair",
    "eye_color": "blue",
    "birth_year": "unknown",
    "gender": "female",
    "homeworld": "/planets/9/",
    "films": [
      "/films/5/"
    ],
    "url": "/people/74/"
  },
  "75": {
    "name": "R4-P17",
    "height": "96",
    "mass": "unknown",
    "hair_color": "none",
    "skin_color": "silver, red",
    "eye_color": "red, blue",
    "birth_year": "unknown",
    "gender": "female",
    "homeworld": "/planets/28/",
    "films": [
      "/films/5/",
      "/films/6/"
    ],
    "url": "/people/75/"
  },
  "76": {
    "name": "Wat Tambor",
    "height": "193",
    "mass": "48",
    "hair_color": "none",
    "skin_color": "green, grey",
    "eye_color": "unknown",
    "birth_year": "unknown",
    "gender": "male",
    "homeworld": "/planets/56/",
    "films": [
      "/films/5/"
    ],
    "url": "/people/76/"
  },
  "77": {
    "name": "San Hill",
    "height": "191",
    "mass": "unknown",
    "hair_color": "none",
    "skin_color": "grey",
    "eye_color": "gold",
    "birth_year": "unknown",
    "gender": "male",
    "homeworld": "/planets/57/",
    "films": [
      "/films/5/"
    ],
    "url": "/people/77/"
  },
  "78": {
    "name": "Shaak Ti",
    "height": "178",
    "mass": "57",
    "hair_color": "none",
    "skin_color": "red, blue, white",
    "eye_color": "black",
    "birth_year": "unknown",
    "gender": "female",
    "homeworld": "/planets/58/",
    "films": [
      "/films/5/",
      "/films/6/"
    ],
    "url": "/people/78/"
  },
  "79": {
    "name": "Grievous",
    "height": "216",
    "mass": "159",
    "hair_color": "none",
    "skin_color": "brown, white",
    "eye_color": "green, yellow",
    "birth_year": "unknown",
    "gender": "male",
    "homeworld": "/planets/59/",
    "films": [
      "/films/6/"
    ],
    "url": "/people/79/"
  },
  "80": {
    "name": "Tarfful",
    "height": "234",
    "mass": "136",
    "hair_color": "brown",
    "skin_color": "brown",
    "eye_color": "blue",
    "birth_year": "unknown",
    "gender": "male",
    "homeworld": "/planets/14/",
    "films": [
      "/films/6/"
    ],
    "url": "/people/80/"
  },
  "81": {
    "name": "Raymus Antilles",
    "height": "188",
    "mass": "79",
    "hair_color": "brown",
    "skin_color": "light",
    "eye_color": "brown",
    "birth_year": "unknown",
    "gender": "male",
    "homeworld": "/planets/2/",
    "films": [
      "/films/6/",
      "/films/1/"
    ],
    "url": "/people/81/"
  },
  "82": {
    "name": "Sly Moore",
    "height": "178",
    "mass": "48",
    "hair_color": "none",
    "skin_color": "pale",
    "eye_color": "white",
    "birth_year": "unknown",
    "gender": "female",
    "homeworld": "/planets/60/",
    "films": [
      "/films/5/",
      "/films/6/"
    ],
    "url": "/people/82/"
  },
  "83": {
    "name": "Tion Medon",
    "height": "206",
    "mass": "80",
    "hair_color": "none",
    "skin_color": "grey",
    "eye_color": "black",
    "birth_year": "unknown",
    "gender": "male",
    "homeworld": "/planets/12/",
    "films": [
      "/films/6/"
    ],
    "url": "/people/83/"
  },
  "84": {
    "name": "Finn",
    "height": "unknown",
    "mass": "unknown",
    "hair_color": "black",
    "skin_color": "dark",
    "eye_color": "dark",
    "birth_year": "unknown",
    "gender": "male",
    "homeworld": "/planets/28/",
    "films": [
      "/films/7/"
    ],
    "url": "/people/84/"
  },
  "85": {
    "name": "Rey",
    "height": "unknown",
    "mass": "unknown",
    "hair_color": "brown",
    "skin_color": "light",
    "eye_color": "hazel",
    "birth_year": "unknown",
    "gender": "female",
    "homeworld": "/planets/28/",
    "films": [
      "/films/7/"
    ],
    "url": "/people/85/"
  },
  "86": {
    "name": "Poe Dameron",
    "height": "unknown",
    "mass": "unknown",
    "hair_color": "brown",
    "skin_color": "light",
    "eye_color": "brown",
    "birth_year": "unknown",
    "gender": "male",
    "homeworld": "/planets/28/",
    "films": [
      "/films/7/"
    ],
    "url": "/people/86/"
  },
  "87": {
    "name": "BB8",
    "height": "unknown",
    "mass": "unknown",
    "hair_color": "none",
    "skin_color": "none",
    "eye_color": "black",
    "birth_year": "unknown",
    "gender": "none",
    "homeworld": "/planets/28/",
    "films": [
      "/films/7/"
    ],
    "url": "/people/87/"
  },
  "88": {
    "name": "Captain Phasma",
    "height": "unknown",
    "mass": "unknown",
    "hair_color": "unknown",
    "skin_color": "unknown",
    "eye_color": "unknown",
    "birth_year": "unknown",
    "gender": "female",
    "homeworld": "/planets/28/",
    "films": [
      "/films/7/"
    ],
    "url": "/people/88/"
  }
}
